score,model
0.9416021961567257,"RandomForestClassifier(bootstrap=True, class_weight=None, criterion='gini',
            max_depth=40, max_features='auto', max_leaf_nodes=None,
            min_impurity_decrease=0.0, min_impurity_split=None,
            min_samples_leaf=1, min_samples_split=10,
            min_weight_fraction_leaf=0.0, n_estimators=10, n_jobs=1,
            oob_score=False, random_state=None, verbose=0,
            warm_start=False)"
0.9396056900424258,"ExtraTreesClassifier(bootstrap=False, class_weight=None, criterion='gini',
           max_depth=50, max_features='auto', max_leaf_nodes=None,
           min_impurity_decrease=0.0, min_impurity_split=None,
           min_samples_leaf=1, min_samples_split=10,
           min_weight_fraction_leaf=0.0, n_estimators=10, n_jobs=1,
           oob_score=False, random_state=None, verbose=0, warm_start=False)"
0.9742949837783879,"LogisticRegression(C=100, class_weight=None, dual=False, fit_intercept=True,
          intercept_scaling=1, max_iter=100, multi_class='ovr', n_jobs=1,
          penalty='l2', random_state=None, solver='liblinear', tol=0.0001,
          verbose=0, warm_start=False)"
0.7259795358123284,GaussianNB(priors=None)
0.9615672572997255,"BaggingClassifier(base_estimator=None, bootstrap=True,
         bootstrap_features=False, max_features=1.0, max_samples=1.0,
         n_estimators=11, n_jobs=1, oob_score=False, random_state=None,
         verbose=0, warm_start=False)"
0.966808085849763,"AdaBoostClassifier(algorithm='SAMME.R', base_estimator=None,
          learning_rate=0.8, n_estimators=55, random_state=None)"
